<?xml version="1.0" encoding="UTF-8"?>
<!--Settings used with MSEndpointMgr Driver Automation Tool-->
<!--URL's are maintained externally - USE AT YOUR OWN RISK. NO SUPPORT PROVIDED -->
<OEM Version="1.3">
	<Manufacturer Name="Dell" >
		<Link Type="DownloadList" URL="https://downloads.dell.com/published/Pages/index.html"></Link>
		<Link Type="DownloadBase" URL="https://downloads.dell.com"></Link>
		<Link Type="DriversList" URL="https://en.community.dell.com/techcenter/enterprise-client/w/wiki/2065.dell-command-deploy-driver-packs-for-enterprise-client-os-deployment"></Link>
		<Link Type="BaseURL" URL="https://en.community.dell.com"></Link>
		<Link Type="BIOSUtility" URL="https://dl.dell.com/FOLDER07078356M/7/Flash_Ver3.3.11_ZPE.exe"></Link>
		<Link Type="XMLCabinetSource" URL="https://downloads.dell.com/catalog/DriverPackCatalog.cab"></Link>
		<Link Type="CatalogSource" URL="https://downloads.dell.com/catalog/CatalogPC.cab"></Link>
	</Manufacturer>
	<Manufacturer Name="HP" >
		<Link Type="XMLCabinetSource" URL="https://ftp.hp.com/pub/caps-softpaq/cmit/HPClientDriverPackCatalog.cab"></Link>
		<Link Type="SoftPaqSource" URL="https://ftp.hp.com/pub/softpaq/"></Link>
		<Link Type="PlatFormList" URL="https://ftp.hp.com/pub/caps-softpaq/cmit/imagepal/ref/platformList.cab"></Link>
		<Link Type="SoftPaqCab" URL="https://hpia.hpcloud.hp.com/downloads/sccmcatalog/HpCatalogForSms.latest.cab"></Link>
	</Manufacturer>
	<Manufacturer Name="Lenovo" >
		<Link Type="XMLSource" URL="https://download.lenovo.com/cdrt/td/catalogv2.xml"></Link>
		<Link Type="BIOSBase" URL="https://download.lenovo.com/catalog/"></Link>
	</Manufacturer>
		<Manufacturer Name="Microsoft" >
		<Link Type="XMLSource" URL="https://raw.githubusercontent.com/maurice-daly/DriverAutomationTool/master/Data/MSProducts.xml"></Link>
		<Link Type="BaseURL" URL="https://aka.ms/"></Link>
		<Link Type="SurfaceDriverSupportURL" URL="https://support.microsoft.com/tr-tr/surface/download-drivers-and-firmware-for-surface-09bb2e09-2a4b-cb69-0951-078a7739e120"></Link>
	</Manufacturer>
</OEM>